feature,mean_abs_shap,group
d.cod_centro_assist_fam,0.7709857261643608,Territorial
d.cd_ibge,0.23763046213772446,Territorial
p.cod_ibge_munic_nasc_pessoa,0.14597335483440488,Territorial
p.cod_ibge_munic_certid_pessoa,0.09672222150712505,Territorial
p.cod_deficiencia_memb,0.08589983482415905,Other
d.dta_entrevista_fam_ano,0.07992042441847141,Temporal
d.val_desp_energia_fam,0.07021744083197673,Socioeconomic
d.ind_parc_mds_fam,0.06668284889683503,Other
d.cod_eas_fam,0.06573479764856911,Territorial
d.qtde_meses_desat_cat,0.06424349876519539,Temporal
p.cod_complemento_pessoa,0.06271477134850587,Other
d.vlr_renda_media_fam,0.061859443058294286,Socioeconomic
d.val_desp_aluguel_fam,0.058062009309851545,Socioeconomic
p.ind_frequenta_escola_memb,0.05624509965056803,Territorial
p.cod_ano_serie_frequentou_memb,0.05545912647234988,Temporal
d.cod_abaste_agua_domic_fam,0.05264656313670221,Socioeconomic
p.ind_def_transtorno_mental_memb_is_missing,0.052527301411743006,Other
d.dat_cadastramento_fam_mes,0.046375001761145854,Temporal
p.grau_instrucao,0.045100953380624684,Other
p.cod_principal_trab_memb,0.04238083591332954,Other
feat_renda_per_capita,0.041917657970029866,Socioeconomic
d.dat_atual_fam_ano,0.034175638521634105,Temporal
d.cod_cta_energ_unid_consum_fam,0.03325941265803968,Other
d.cod_material_piso_fam,0.03258373387626289,Socioeconomic
d.val_desp_agua_esgoto_fam,0.032551622526429354,Socioeconomic
feat_densidade_domiciliar,0.03156787210611345,Socioeconomic
d.dat_atual_fam_mes,0.030772274378137794,Temporal
d.dat_cadastramento_fam_ano,0.030765490978074805,Temporal
d.cod_escoa_sanitario_domic_fam,0.029625462023893368,Socioeconomic
d.cod_destino_lixo_domic_fam,0.029238160200189066,Socioeconomic
d.dta_entrevista_fam_mes,0.02891100650265561,Temporal
p.cod_ibge_munic_escola_memb,0.026963861077054996,Territorial
p.cod_ano_serie_frequenta_memb,0.026069634264492412,Temporal
d.vlr_renda_total_fam,0.025455040429003227,Socioeconomic
p.cod_curso_frequenta_memb,0.024601382211884508,Socioeconomic
d.qtd_comodos_domic_fam,0.021815924131641316,Socioeconomic
feat_pressao_alimentar,0.020982396915795735,Other
d.cod_iluminacao_domic_fam,0.02059638022218081,Socioeconomic
d.dta_entrevista_fam_dia_semana,0.020061768730953798,Temporal
d.dat_cadastramento_fam_dia,0.01997265026114168,Temporal
d.cod_calcamento_domic_fam,0.019816290260991153,Socioeconomic
d.dta_entrevista_fam_dia,0.01953805960347585,Temporal
p.cod_local_nascimento_pessoa,0.018907944587496197,Territorial
d.dat_cadastramento_fam_dia_semana,0.017482901697700788,Temporal
d.qtd_pessoas_domic_fam,0.017257521110799496,Socioeconomic
d.val_desp_alimentacao_fam,0.016485113327361887,Socioeconomic
p.dta_nasc_pessoa_mes,0.016216345140838733,Temporal
p.cod_curso_frequentou_pessoa_memb,0.014795365455967742,Socioeconomic
d.dat_atual_fam_dia,0.01406145949143403,Temporal
d.vlr_renda_media_fam_log1p,0.013958189085743726,Socioeconomic
d.cod_centro_assist_fam_is_missing,0.013862578807282616,Territorial
d.val_desp_transpor_fam,0.013572133937037928,Socioeconomic
d.val_desp_gas_fam,0.01355295922954438,Socioeconomic
d.dat_atual_fam_dia_semana,0.013152398533251602,Temporal
d.cod_agua_canalizada_fam,0.012675932353699485,Socioeconomic
p.dta_nasc_pessoa_ano,0.011106626035950392,Temporal
d.ind_familia_quilombola_fam,0.010917885290132818,Other
p.idade_aprox,0.010793588863242823,Socioeconomic
d.cod_eas_fam_is_missing,0.010585051042299627,Territorial
d.cod_local_domic_fam,0.010299598484767282,Territorial
d.qtd_familias_domic_fam,0.009930522550990514,Socioeconomic
p.cod_raca_cor_pessoa,0.0098821278251329,Other
p.cod_parentesco_rf_pessoa,0.00889005767081061,Other
p.ind_def_fisica_memb_is_missing,0.008735904248657188,Other
p.qtd_meses_12_meses_memb,0.008646623792938807,Temporal
d.cod_material_domic_fam,0.006972591989489476,Socioeconomic
p.dta_nasc_pessoa_dia,0.006603395921855981,Temporal
p.cod_trabalho_12_meses_memb,0.005757887714335762,Temporal
d.vlr_renda_total_fam_log1p,0.004608987858220282,Socioeconomic
d.marc_pbf,0.004504154293545119,Other
p.dta_nasc_pessoa_dia_semana,0.004147509313189445,Temporal
d.nom_estab_assist_saude_fam_is_missing,0.003960312702395118,Territorial
d.qtd_comodos_dormitorio_fam,0.003916851277656564,Socioeconomic
d.qtd_pessoa_inter_18_64_anos_fam,0.003316621344614878,Temporal
d.fx_rfpc,0.003268539500007534,Socioeconomic
d.val_desp_medicamentos_fam,0.0031597010636813874,Socioeconomic
fx_renda_individual_808,0.0026033061375429194,Socioeconomic
d.nom_centro_assist_fam_is_missing,0.00252177870777619,Territorial
fx_renda_individual_809_1,0.0024124141252082638,Socioeconomic
d.cod_cta_energ_unid_consum_fam_is_missing,0.0022213165412765514,Other
d.nom_comunidade_quilombola_fam,0.0020042598913741017,Socioeconomic
p.cod_trabalhou_memb,0.0019080769139021027,Socioeconomic
p.sig_uf_munic_nasc_pessoa,0.001857335715146831,Territorial
p.cod_ano_serie_frequentou_memb_is_missing,0.0017925967243915787,Temporal
p.fx_idade,0.0017332233251859661,Socioeconomic
fx_renda_individual_805,0.001112211845165439,Socioeconomic
p.ind_def_mental_memb_is_missing,0.0009204307195151935,Other
p.cod_escola_local_memb,0.0008740012851212529,Territorial
p.cod_afastado_trab_memb,0.0008613570604087514,Other
d.cod_comunidade_quilombola_fam_is_missing,0.0007688764099041401,Socioeconomic
p.marc_pbf,0.0006954653579659678,Other
p.cod_sexo_pessoa,0.000554825986786971,Other
d.cod_forma_coleta_fam,0.0005437248408799933,Other
d.qtd_pessoa_inter_0_17_anos_fam,0.00038337942467188185,Temporal
p.ind_identidade_genero,0.0003575457130089609,Socioeconomic
d.cod_banheiro_domic_fam,0.00034808093283067427,Socioeconomic
p.cod_sabe_ler_escrever_memb,0.00030549766613508894,Other
p.ind_def_baixa_visao_memb_is_missing,0.0003036964141904945,Other
d.dta_entrevista_fam_eh_inicio_mes,0.00026835958376348766,Temporal
p.cod_agricultura_trab_memb,0.00023247715288135393,Other
d.cod_escoa_sanitario_domic_fam_is_missing,0.000201830481477059,Socioeconomic
p.cod_concluiu_frequentou_memb,0.0001870496406576073,Other
p.cod_ibge_munic_certid_pessoa_is_missing,0.00014795783004889373,Territorial
d.dta_entrevista_fam_eh_fim_mes,0.00012314380246855,Temporal
p.cod_ano_serie_frequenta_memb_is_missing,0.00012236536926504794,Temporal
p.cod_censo_inep_memb_is_missing,0.00011816161902725302,Other
p.cod_complemento_pessoa_is_missing,0.00010644048063796129,Other
p.ind_tipo_identidade_genero_is_missing,8.270605036555231e-05,Socioeconomic
fx_renda_individual_809_5,3.737978362267728e-05,Socioeconomic
p.cod_cart_assinada_memb_is_missing,3.6335815838484324e-05,Other
fx_renda_individual_809_4,3.103105863529606e-05,Socioeconomic
p.cod_contato_parente_memb_is_missing,2.5238950561837435e-05,Other
fx_renda_individual_809_2,1.5452696377514112e-05,Socioeconomic
p.ind_ajuda_instituicao_memb_is_missing,1.3762982437671413e-05,Other
p.marc_sit_rua,1.1217174152151318e-05,Other
d.cod_familia_indigena_fam,1.074373513708651e-05,Other
p.ind_def_cegueira_memb_is_missing,9.781503169415742e-06,Other
d.dta_entrevista_fam_ano_mes,0.0,Temporal
d.dta_entrevista_fam_ano_dia,0.0,Temporal
d.dta_entrevista_fam_ano_dia_semana,0.0,Temporal
d.dta_entrevista_fam_ano_ano,0.0,Temporal
d.cod_material_domic_fam_is_missing,0.0,Socioeconomic
d.dta_entrevista_fam_ano_eh_fim_mes,0.0,Temporal
d.dta_entrevista_fam_ano_eh_inicio_mes,0.0,Temporal
p.nom_pais_origem_pessoa,0.0,Other
d.dta_entrevista_fam_mes_ano,0.0,Temporal
d.dta_entrevista_fam_mes_mes,0.0,Temporal
d.dta_entrevista_fam_mes_dia,0.0,Temporal
d.dta_entrevista_fam_mes_dia_semana,0.0,Temporal
d.dta_entrevista_fam_mes_eh_fim_mes,0.0,Temporal
d.nom_povo_indigena_fam,0.0,Other
p.qtd_meses_12_meses_memb_is_missing,0.0,Temporal
d.nom_reserva_indigena_fam,0.0,Other
p.sig_uf_escola_memb,0.0,Territorial
feat_proporcao_dependentes,0.0,Other
p.sig_uf_escola_memb_is_missing,0.0,Territorial
d.dta_entrevista_fam_dia_ano,0.0,Temporal
p.qtd_freq_outro_memb_is_missing,0.0,Socioeconomic
p.qtd_dormir_freq_rua_memb_is_missing,0.0,Socioeconomic
p.qtd_dormir_freq_dom_part_memb_is_missing,0.0,Socioeconomic
p.qtd_dormir_freq_albergue_memb_is_missing,0.0,Socioeconomic
p.nom_pais_origem_pessoa_is_missing,0.0,Other
p.nom_munic_escola_memb_is_missing,0.0,Territorial
p.nom_munic_certid_pessoa_is_missing,0.0,Territorial
p.nom_escola_memb_is_missing,0.0,Territorial
p.ind_transgenero_is_missing,0.0,Other
p.ind_outro_memb_is_missing,0.0,Other
d.dta_entrevista_fam_mes_eh_inicio_mes,0.0,Temporal
d.dta_entrevista_fam_dia_semana_ano,0.0,Temporal
d.dta_entrevista_fam_dia_mes,0.0,Temporal
d.dta_entrevista_fam_eh_inicio_mes_ano,0.0,Temporal
p.cod_est_cadastral_memb,0.0,Other
p.cod_censo_inep_memb,0.0,Other
d.cod_especie_domic_fam,0.0,Socioeconomic
d.cod_est_cadastral_fam,0.0,Other
p.cod_pais_origem_pessoa,0.0,Other
fx_renda_individual_809_3,0.0,Socioeconomic
p.ind_trabalho_infantil_pessoa,0.0,Socioeconomic
feat_pressao_alimentar_is_missing,0.0,Other
feat_densidade_domiciliar_is_missing,0.0,Socioeconomic
d.dta_entrevista_fam_eh_inicio_mes_eh_inicio_mes,0.0,Temporal
d.dta_entrevista_fam_eh_inicio_mes_eh_fim_mes,0.0,Temporal
d.dta_entrevista_fam_eh_inicio_mes_dia_semana,0.0,Temporal
d.dta_entrevista_fam_eh_inicio_mes_dia,0.0,Temporal
d.dta_entrevista_fam_eh_inicio_mes_mes,0.0,Temporal
d.dta_entrevista_fam_eh_fim_mes_eh_inicio_mes,0.0,Temporal
d.dta_entrevista_fam_dia_dia,0.0,Temporal
d.dta_entrevista_fam_eh_fim_mes_eh_fim_mes,0.0,Temporal
d.dta_entrevista_fam_eh_fim_mes_dia_semana,0.0,Temporal
d.dta_entrevista_fam_eh_fim_mes_dia,0.0,Temporal
d.dta_entrevista_fam_eh_fim_mes_mes,0.0,Temporal
d.dta_entrevista_fam_eh_fim_mes_ano,0.0,Temporal
d.dta_entrevista_fam_dia_semana_eh_inicio_mes,0.0,Temporal
d.dta_entrevista_fam_dia_semana_eh_fim_mes,0.0,Temporal
d.dta_entrevista_fam_dia_semana_dia_semana,0.0,Temporal
d.dta_entrevista_fam_dia_semana_dia,0.0,Temporal
d.dta_entrevista_fam_dia_semana_mes,0.0,Temporal
p.ind_motivo_saude_memb_is_missing,0.0,Other
d.dta_entrevista_fam_dia_eh_inicio_mes,0.0,Temporal
d.dta_entrevista_fam_dia_eh_fim_mes,0.0,Temporal
d.dta_entrevista_fam_dia_dia_semana,0.0,Temporal
p.ind_motivo_trabalho_memb_is_missing,0.0,Socioeconomic
p.ind_motivo_nao_sabe_memb_is_missing,0.0,Other
p.ind_motivo_probs_fam_memb_is_missing,0.0,Other
p.ind_motivo_pref_memb_is_missing,0.0,Other
p.cod_principal_trab_memb_is_missing,0.0,Other
p.cod_tempo_cidade_memb_is_missing,0.0,Socioeconomic
p.cod_tempo_rua_memb_is_missing,0.0,Other
p.cod_trabalho_12_meses_memb_is_missing,0.0,Temporal
p.cod_trabalhou_memb_is_missing,0.0,Socioeconomic
p.cod_vive_fam_rua_memb_is_missing,0.0,Other
p.grau_instrucao_is_missing,0.0,Other
p.ind_ajuda_especializado_memb_is_missing,0.0,Other
p.ind_ajuda_familia_memb_is_missing,0.0,Other
p.ind_ajuda_nao_memb_is_missing,0.0,Other
p.ind_ajuda_outra_memb_is_missing,0.0,Other
p.ind_ajuda_vizinho_memb_is_missing,0.0,Other
p.ind_atend_centro_ref_rua_memb_is_missing,0.0,Administrative
p.ind_atend_cras_memb_is_missing,0.0,Administrative
p.ind_atend_creas_memb_is_missing,0.0,Territorial
d.qtd_pessoa_inter_65_anos_fam,0.0,Temporal
p.cod_escola_local_memb_is_missing,0.0,Territorial
p.cod_curso_frequentou_pessoa_memb_is_missing,0.0,Socioeconomic
d.nom_povo_indigena_fam_is_missing,0.0,Other
d.cod_povo_indigena_fam_is_missing,0.0,Other
d.cod_reserva_indigena_fam_is_missing,0.0,Other
d.ind_risco_scl_vlco_drts_is_missing,0.0,Other
d.cod_indigena_reside_fam_is_missing,0.0,Other
d.nom_comunidade_quilombola_fam_is_missing,0.0,Socioeconomic
d.cod_iluminacao_domic_fam_is_missing,0.0,Socioeconomic
d.nom_reserva_indigena_fam_is_missing,0.0,Other
p.cod_curso_frequenta_memb_is_missing,0.0,Socioeconomic
d.qtd_comodos_domic_fam_is_missing,0.0,Socioeconomic
d.qtd_comodos_dormitorio_fam_is_missing,0.0,Socioeconomic
p.cod_afastado_trab_memb_is_missing,0.0,Other
p.cod_agricultura_trab_memb_is_missing,0.0,Other
d.cod_destino_lixo_domic_fam_is_missing,0.0,Socioeconomic
p.cod_concluiu_frequentou_memb_is_missing,0.0,Other
p.ind_atend_hospital_geral_memb_is_missing,0.0,Administrative
p.ind_atend_inst_gov_memb_is_missing,0.0,Administrative
p.ind_atend_inst_nao_gov_memb_is_missing,0.0,Administrative
p.ind_identidade_genero_is_missing,0.0,Socioeconomic
p.ind_dinh_pede_memb_is_missing,0.0,Other
p.ind_dinh_servs_gerais_memb_is_missing,0.0,Other
p.ind_dinh_vendas_memb_is_missing,0.0,Other
p.ind_dormir_albergue_memb_is_missing,0.0,Other
p.ind_dormir_dom_part_memb_is_missing,0.0,Other
p.ind_dormir_rua_memb_is_missing,0.0,Other
p.ind_motivo_alcool_memb_is_missing,0.0,Other
p.ind_dinh_nao_resp_memb_is_missing,0.0,Other
p.ind_motivo_ameaca_memb_is_missing,0.0,Other
p.ind_motivo_desemprego_memb_is_missing,0.0,Other
p.ind_motivo_nao_resp_memb_is_missing,0.0,Other
d.cod_material_piso_fam_is_missing,0.0,Socioeconomic
p.ind_motivo_outro_memb_is_missing,0.0,Other
p.ind_motivo_perda_memb_is_missing,0.0,Other
p.ind_dinh_outro_memb_is_missing,0.0,Other
p.ind_dinh_flanelhinha_memb_is_missing,0.0,Other
p.ind_atend_nenhum_memb_is_missing,0.0,Administrative
d.cod_banheiro_domic_fam_is_missing,0.0,Socioeconomic
p.ind_ativ_com_coop_memb_is_missing,0.0,Other
p.ind_ativ_com_escola_memb_is_missing,0.0,Territorial
p.ind_ativ_com_mov_soc_memb_is_missing,0.0,Other
p.ind_ativ_com_nao_resp_memb_is_missing,0.0,Other
p.ind_ativ_com_nao_sabe_memb_is_missing,0.0,Other
d.cod_calcamento_domic_fam_is_missing,0.0,Socioeconomic
d.cod_agua_canalizada_fam_is_missing,0.0,Socioeconomic
p.ind_dinh_const_memb_is_missing,0.0,Other
p.ind_def_sindrome_down_memb_is_missing,0.0,Other
p.ind_def_surdez_leve_memb_is_missing,0.0,Other
p.ind_def_surdez_profunda_memb_is_missing,0.0,Other
d.cod_abaste_agua_domic_fam_is_missing,0.0,Socioeconomic
p.ind_dinh_carregador_memb_is_missing,0.0,Other
p.ind_dinh_catador_memb_is_missing,0.0,Other
p.cod_ibge_munic_escola_memb_is_missing,0.0,Territorial
